drug_id,generic_name,dosage,category_code,category_name
GI.100-001,aluminum hydroxide + magnesium hydroxide + simethicone,"Suspension, (225mg + 200mg + 25mg)/5ml ; Chewable tablet 200mg + 200mg + 25mg",GI.100,antacids
GI.100-002,aluminum hydroxide + magnesium trisilicate,"Tab2let (chewable), 120mg + 250mg",GI.100,antacids
GI.200-001,cimetidine,"Injection, 200mg/ml in 2ml ampoule",GI.200,antiulcer agents
GI.200-002,omeprazole,Tablet/Capsule: 10mg; 20mg; Powder for injection: 40mg in vial ; Powder for oral liquid: 20mg; 40mg sachets,GI.200,antiulcer agents
GI.200-003,ranitidine,"Tablet, 150mg ; Injection: 25mg/ mL (as hydrochloride) in 2- mL ; ampoule. ; Oral liquid: 75mg/5 mL (as hydrochloride). ; Tablet: 150mg (as hydrochloride)",GI.200,antiulcer agents
GI.300-001,octreotide,"Injection, 50mcg/ml; 100mcg/ml",GI.300,. medicines for upper gi bleeding
GI.300-002,omeprazole,Powder for injection: 40mg in vial,GI.300,. medicines for upper gi bleeding
GI.300-003,pantoprazole,"Tablet, 40mg",GI.300,. medicines for upper gi bleeding
GI.300-004,propranolol,"Tablet, 20mg",GI.300,. medicines for upper gi bleeding
GI.400-001,hyoscine (scopolamine) butyl bromide,"Injection, 20mg/ml ; Tablet, 10mg ; syrup, 5mg/5ml",GI.400,. antispasmodics/ spasmolytics analgesics
GI.400-002,hyoscine (scopolamine) hydrobromide,"Injection, 0.4mg/ml, 0.6mg/ml in 1ml ampoule ; Tablet, 0.6mg",GI.400,. antispasmodics/ spasmolytics analgesics
GI.500-001,chlorpromazine hydrochloride,"Drops, 25mg/ml ; Tablet,25mg,",GI.500,. antiemetics
GI.500-002,dimenhydrinate,"Tablet, 50mg",GI.500,. antiemetics
GI.500-003,dexamethasone,Injection 4mg/ml,GI.500,. antiemetics
GI.500-004,meclizine hydrochloride+ vitamin b6,"Tablet, 25mg+50mg",GI.500,. antiemetics
GI.500-005,metoclopramide hydrochloride,"Drops, 0.2mg/drop ; Injection, 5mg/ml, 5mg/2ml in 2ml ampoule ; Syrup, 5mg/5ml ; Tablet, 10mg",GI.500,. antiemetics
GI.500-006,ondansetron,"Injection, 2mg/ml in 2ml ; Oral liquid, 4mg base/5 mL ; Tablet, 4mg ; *Aprepitant can be used as alternatives",GI.500,. antiemetics
GI.600-001,bisacodyl,"Suppository, 5mg, 10mg ; Tablet, 5mg, 10mg",GI.600,. cathartics and laxatives
GI.600-002,castor oil,"Liquid, 30ml, 60ml",GI.600,. cathartics and laxatives
GI.600-003,glycerin,"Suppository, 1gm, 1.36gm, 2gm, 2.76gm",GI.600,. cathartics and laxatives
GI.600-004,lactulose,"Enema, (300ml Lactulose + 700ml Water) ; Oral solution, 10g/15ml",GI.600,. cathartics and laxatives
GI.600-005,polyethylene glycol (peg),"Powder, 17gm per oral dose",GI.600,. cathartics and laxatives
GI.700-001,loperamide,"Tablet/Capsule, 2mg",GI.700,. medicine used for diarrhea management
GI.700-002,oral rehydration salt zinc sulphate*,"Powder, each sachet for 1 liter contains: ; Gram/Liter mmol/L ; Sodium 2.6 Sodium 75 ; Glucose Anhydrase 13.5Chloride 65 ; Potassium Chloride1.5Glucose Anhydrase 75 ; Trisodium Citrate Dehydrate 2 .9 Potassium 20 ; Citrate 10 ; Total Osmolarity = 245",GI.700,. medicine used for diarrhea management
CV.100-001,enalapril*,"Tablet, 2.5mg, 5mg, 10mg ; *Lisinopril can be used as alternatives",CV.100,. medicines for heart failure
CV.100-002,captopril,"Tablet, 12.5mg",CV.100,. medicines for heart failure
CV.100-003,digoxin,"Elixir, 0.05mg/ml ; Injection, 0.25mg/ml in 2ml ampoule ; Tablet, 0.25mg",CV.100,. medicines for heart failure
CV.100-004,candesartan *,"Tablet 4mg, 8mg, 16mg ; *Valsartan and losartan can be used as ; alternatives.",CV.100,. medicines for heart failure
CV.100-005,spironolactone,"Tablet, 25mg",CV.100,. medicines for heart failure
CV.100-006,furosemide,"Injection, 10mg/ml in 2ml ampoule ; Oral liquid, 20mg/5ml ; Tablet, 20mg, 40mg",CV.100,. medicines for heart failure
CV.100-007,hydrochlorothiazide,"Oral liquid: 50mg/5ml ; Tablet, 25mg",CV.100,. medicines for heart failure
CV.100-008,norepinephrine,"Injection, 1mg/1ml",CV.100,. medicines for heart failure
CV.100-009,nitroglycerine,"Injection, 5mg/ml",CV.100,. medicines for heart failure
CV.100-010,metoprolol succinate,"Tablet, 25mg, 50mg,100mg",CV.100,. medicines for heart failure
CV.200-001,adenosine,"Injection, 3mg/ml",CV.200,antiarrhythmics
CV.200-002,amiodarone,"Tablet, 100mg, 200mg, 400mg ; Injection, 50mg/ml",CV.200,antiarrhythmics
CV.200-003,atropine *,"Injection, 0.1mg/ml, 1mg/ml ; Isopernaline can be used as alternative",CV.200,antiarrhythmics
CV.200-004,digoxin,"Elixir, 0.05mg/ml ; Injection, 0.25mg/ml in 2mlampoule ; Tablet, 0.25mg",CV.200,antiarrhythmics
CV.200-005,lidocaine hydrochloride,"Injection, 5mg/ml, 10mg/ml, 20mg/ml in 20ml vial ; *Procainamide can be used as alternative",CV.200,antiarrhythmics
CV.200-006,metoprolol,"Injection, 1mg/ml,5mg/ml ; Tablet, 25mg, 50mg ; *Propranolol, carvedilol, and bisoprolol can be ; used as alternatives",CV.200,antiarrhythmics
CV.200-007,verapamil,"Injection, 2.5mg/ml in 2ml ampoule ; Tablet, 40mg, 80mg",CV.200,antiarrhythmics
CV.300-001,amlodipine*,"Tablet, 2.5mg, 5mg, 10mg",CV.300,antihypertensive
CV.300-002,nifedipine,"Tablet, 20mg, 40mg",CV.300,antihypertensive
CV.300-003,candesartan,"Tablet, 8mg,16mg ; *losartan, valsartan, and other Angiotensin ; receptor 1 inhibitors (ARBs) can be used as ; alternatives.",CV.300,antihypertensive
CV.300-004,lisinopril*,"Tablet, 5mg, 10mg, 20mg ; *captopril, Enalapril, & other ACEIs can be used ; as alternatives",CV.300,antihypertensive
CV.300-005,hydralazine,"Injection, 20mg/ml in 1ml ampoule",CV.300,antihypertensive
CV.300-006,labetalol,"Injection, 5mg/ml, 100mg/20ml",CV.300,antihypertensive
CV.300-007,carvedilol,"Tablet, 12.5mg, 25mg",CV.300,antihypertensive
CV.300-008,metoprolol succinate,"Tablet, 25mg, 50mg",CV.300,antihypertensive
CV.300-009,methyldopa,"Tablet, 250mg,",CV.300,antihypertensive
CV.400-001,furosemide,"Injection, 10mg/ml in 2ml ampoule ; Tablet, 40mg ; Oral liquid, 20mg/5ml",CV.400,. diuretics
CV.400-002,hydrochlorthiazide*,"Tablet, 25mg ; *Indapamide can be used as alternative",CV.400,. diuretics
CV.400-003,mannitol,"Injection, 10% , 20%",CV.400,. diuretics
CV.500-001,metoprolol its salt,"Tablet(succinate) , 25mg, 50mg ; Injection (tartarate), 1mg/ml,5mg/ml",CV.500,. medicines used for angina/ischemic heart disease
CV.100-001,alteplase,Powder for injection: 10mg; 20mg; 50mg in vial,CV.100,0. thrombolytic agents
CV.100-002,streptokinase,Powder for injection: 1.5 million IU in vial,CV.100,0. thrombolytic agents
RE.100-001,dextromethorphan hydrobromide,"Syrup, 15mg/5ml",RE.100,. antitussive/expectorant
RE.100-002,paracetamol + chlorpheniramine + pseudoephedrine,"Syrup, 160mg + 1mg + 15mg /5ml ; Tablet, 500mg + 1.25mg + 30mg",RE.100,. antitussive/expectorant
RE.100-003,guaifenesin re.200. anti-asthmatic medicines and medicines for chronic obstructive pulmonary disease,"Syrup, 100mg/5ml",RE.100,. antitussive/expectorant
RE.100-001,aminophylline,"Injection, 250mg/10ml in 10ml",RE.100,. antitussive/expectorant
RE.100-002,beclomethasone dipropionate*,"Oral Inhalation (aerosol), 50mcg/dose, ; 100mcg/dose, 200mcg/dose ; *Budesonide can be used as alternatives",RE.100,. antitussive/expectorant
RE.100-003,budesonide + formoterol*,Dry powder inhaler: 80 mcg + 4.5 mcg; 160 mcg + ; 4.5 mcg; 320 mcg + 9mcg *Fluticasone + ; Salmeterol can be used as alternatives,RE.100,. antitussive/expectorant
RE.100-004,ipratropium bromide,"Aerosol, 20mcg/metered dose , 40mcg/metered ; dose inhalation",RE.100,. antitussive/expectorant
RE.100-005,tiotropium,"Powder for inhalation, capsule: 18 micrograms ; Inhalation solution: 1.25 mcg; 2.5 mcg",RE.100,. antitussive/expectorant
RE.100-006,salbutamol,"Syrup, 2mg/5ml ; Oral Inhalation (aerosol), 0.1mg/dose",RE.100,. antitussive/expectorant
RE.100-007,prednisolone,"Tablet, 5mg",RE.100,. antitussive/expectorant
RE.100-008,hydrocortisone succinate,"Injection: 40mg/ml, 80mg/2ml",RE.100,. antitussive/expectorant
RE.300-001,mometasonefuroate*,"Nasal spray, 50mcg ; *Beclomethasone dipropionate nasal spray can be ; used as alternatives",RE.300,. medicines for allergic rhinitis
RE.300-002,loratidine*,"Tablet, 10mg ; Oral solution, 1mg/ml ; *Cetrizine can be used as alternatives",RE.300,. medicines for allergic rhinitis
RE.300-003,xylometazoline,"Nasal drop, 0.05%; 0.1%",RE.300,. medicines for allergic rhinitis
RE.400-002,methotrexate,"Tablet ,2.5mg, 5mg",RE.400,". medicines for sarcoidosis,intersitital lung disease"
RE.400-003,azathioprine*,"Tablet, 50mg ; *Mycophenolate Mofetil can be used as ; alternatives",RE.400,". medicines for sarcoidosis,intersitital lung disease"
RE.500-001,caffeine citrate,Injection: 20mg/ mL (equivalent to 10mg ; caffeine base/ mL). ; Oral liquid: 20mg/ mL (equivalent to 10mg ; caffeine base/ mL).,RE.500,.medicine for apnea of prematurity
AI.101-001,amoxicillin (access),"Capsule, 250mg, 500mg ; Oral Powder for Suspension, 125mg/5ml, ; 250mg/5ml ; Tablet, 125mg, 250mg (Dispersible)",AI.101,. penicillines
AI.101-002,amoxicillin + clavulanic acid (access),"Injection, 500mg +100mg, 1g +200mg ; Tablet, 500mg +125mg, 875mg +125mg ; Oral suspension, 125mg + 31.25mg/5ml, 200mg + ; 28.5mg/5ml, 250mg + 62.5mg/5ml, 400mg + ; 57mg/5ml",AI.101,. penicillines
AI.101-003,ampicillin (access),"Injection (Sodium), 250mg, 500mg, 1g in vial",AI.101,. penicillines
AI.101-004,ampicillin + sulbactam (watch),"Powder for injection, 1000mg +500mg)",AI.101,. penicillines
AI.101-005,cloxacillin (access),"Capsule, 250mg, 500mg ; Injection, 250mg, 500mg in vial ; Suspension, 125mg/5ml , 250mg/5ml",AI.101,. penicillines
AI.101-006,"penicillin g, benzathin (access)","Injection, 0.6 MIU, 1.2 MIU, 2.4 MIU",AI.101,. penicillines
AI.101-007,"penicillin g, sodium crystalline (access)","Injection, 1 MIU, 5MIU, 10 MIU",AI.101,. penicillines
AI.101-008,piperacillin + tazobactam (reserve),Powder for injection: 2 g (as sodium salt) + 250 ;mg (as sodium salt); 4 g (as sodium salt) + 500mg ; (as sodium salt) in vial,AI.101,. penicillines
AI.102-001,cefazolin (access),"Powder for Injection, 500mg, 1g, 2g",AI.102,.cephalosporins
AI.102-002,cefotaxime sodium (watch),"Injection, 250mg, 0.5g, 1g, in vial",AI.102,.cephalosporins
AI.102-003,ceftazidime (watch),"Injection, 0.5g, 1g, 2g in vial",AI.102,.cephalosporins
AI.102-004,ceftazidime + avibactam(reserve),Powder for injection 2g + 0.5g,AI.102,.cephalosporins
AI.102-005,cefuroxime (watch),"Capsule or Tablet, 125mg, 250mg ; Oral suspension, 125mg/ml",AI.102,.cephalosporins
AI.102-006,cefixime (watch),"Tablet, 100mg, 200mg, 400mg ; Suspension, 100/5ml, 200mg/5ml,500mg/5ml",AI.102,.cephalosporins
AI.102-007,cefepime(watch),"Powder for injection, 1 gm",AI.102,.cephalosporins
AI.102-008,cefpodoxime (watch),"Tablet, 100mg, 200mg ; Powder for oral suspension, 40mg/5ml",AI.102,.cephalosporins
AI.102-009,ceftriaxone (watch),"Injection, 0.25g, 0.5g, 1g in vial",AI.102,.cephalosporins
AI.102-010,ceftriaxone + sulbactam (watch),"Powder injection, 1gm + 500mg",AI.102,.cephalosporins
AI.102-011,cephalexin (access),"Capsule, 250mg, 500mg ; Syrup, 125mg/5ml, 250mg/5ml",AI.102,.cephalosporins
AI.103-001,azithromycin (access),"Powder for oral suspension, 200mg/ml ; Tablet or Capsule, 250mg, 500mg",AI.103,. macrolides
AI.103-002,clarithromycin* (access),"Powder for Oral suspension,125mg/5ml, ; 250mg/5ml ; Tablet, 500mg ; Powder for I.V infusion, 500mg/vial ; *Erythromycin may be an alternative",AI.103,. macrolides
AI.104-001,meropenem (reserve),"Powder for injection, 500mg/vial, 1g/ vial",AI.104,. carbapenems/imipenem
AI.104-002,meropenem + vaborbactam (reserve),Powder for injection 1g + 1g in vial,AI.104,. carbapenems/imipenem
AI.105-001,gentamicin (access),"Injection, 20mg/2ml,80mg/2ml",AI.105,. aminoglycosides
AI.105-002,neomycin (reserve),"Tablet, 500mg",AI.105,. aminoglycosides
AI.106-001,ciprofloxacin (watch),"Iv Infusion (as lactate) 2mg/ml ; Tablet (as hydrochloride), 250mg, 500mg ; For oral suspension, 250mg/5ml",AI.106,. fluroquinolones
AI.106-002,norfloxacin (access),"Tablet, 400mg",AI.106,. fluroquinolones
AI.107-001,doxycycline (access),"Tablet/Capsule, 100mg ; Oral liquid: 25mg/5 mL; 50mg/5 mL ; (anhydrous).",AI.107,. tetracycline
AI.108-001,colistin (reserve),Powder for injection 1M IU,AI.108,. miscellaneous
AI.108-002,clindamycin (watch),"Capsule, 75mg, 150mg ; Injection, 150mg/ml in ampoule ; Oral solution, 15mg/ml, in 5ml",AI.108,. miscellaneous
AI.108-003,metronidazole (access),"Intravenous Infusion, 5mg/ml in 100ml ; Tablet/Capsule, 250mg, 500mg ; Oral liquid, 125mg (benzoate)/5ml ; Suppository: 500mg, 1gm",AI.108,. miscellaneous
AI.108-004,polymyxin b (reserve),"Powder for injection 500,000 IU",AI.108,. miscellaneous
AI.108-005,nitrofurantoin (access),"Tablet,100mg",AI.108,. miscellaneous
AI.108-006,sulphamethoxazole + trimethoprim (access),"Tablet: (pediatric), 100mg + 20mg (Dispersible); (adult), 400mg + 80mg; 800mg +160mg ; Suspension, 240mg/5ml ; Injection, 80mg + 16mg/ml (5ml, 10ml, 30ml)",AI.108,. miscellaneous
AI.108-007,vancomycin (reserve),"Capsule, 125mg, 250mg",AI.108,. miscellaneous
AI.108-004,isoniazid,Oral liquid: 50mg/5 mL ; Tablet: 100mg to 300mg. ; Tablet (scored): 50mg. ; Tablet (dispersible): 100mg,AI.108,. miscellaneous
AI.108-005,isoniazid + pyrazinamide + rifampicin,Tablet: 75mg + 400mg + 150mg. ; Tablet (dispersible): 50mg + 150mg + 75mg.,AI.108,. miscellaneous
AI.108-006,isoniazid + rifampicin,Tablet: 75mg + 150mg; 150mg + 300mg. ; Tablet (dispersible): 50mg + 75mg,AI.108,. miscellaneous
AI.108-007,pyrazinamide,Oral liquid: 30mg/ mL. ; Tablet: 400mg. ; Tablet (dispersible): 150mg. ; Tablet (scored): 150mg.,AI.108,. miscellaneous
AI.108-008,rifabutin,Solid oral dosage form: 150mg.* ; * For use only in patients with HIV receiving ; protease inhibitors,AI.108,. miscellaneous
AI.108-009,rifampicin,Oral liquid: 20mg/ml ; Solid oral dosage form: 150mg; 300mg,AI.108,. miscellaneous
AI.108-001,amikacin,"Injection, 100mg, 500mg vial",AI.108,. miscellaneous
AI.108-002,bedaquiline*,Tablet 100mg ; *Delamanid use as alternatives,AI.108,. miscellaneous
AI.108-003,capreomycin,"Injection, 1gVial",AI.108,. miscellaneous
AI.108-004,clofazimine,"Solid dosage form 50mg,100mg,",AI.108,. miscellaneous
AI.108-005,cycloserine,"Oral solid dosage form 125mg, 250mg",AI.108,. miscellaneous
AI.108-006,ethionamide*,"Tablet 125mg, 250mg, ; Tablet (dispersible) 125mg ; * Prothionamide can be used as alternatives",AI.108,. miscellaneous
AI.108-007,kanamycin,"Injection, 1gVial",AI.108,. miscellaneous
AI.108-008,levofloxacin,"Tablet, 250mg, 500mg ; Tablet (Dispersible) 100mg",AI.108,. miscellaneous
AI.108-009,linezolid,"Injection for IV 2mg/ml in 300ml ; Powder for Oral liquid 100mg/5ml ; Tablet 400mg, 600mg ; Tablet (dispersible) 150mg",AI.108,. miscellaneous
AI.108-010,meropenem*,"Powder for injection (as trihydrate) 500mg, 1g in ; vial ; *Imipenem-cilastatin can be used as alternatives",AI.108,. miscellaneous
AI.108-011,moxifloxacin,"Tablet, 400mg ; Tablet (dispersible) 100mg",AI.108,. miscellaneous
AI.108-012,p-aminosalycylic acid,Granules 4g sachet ; Tablet 500mg,AI.108,. miscellaneous
AI.108-013,streptomycine,"Powder for injection, 1gm, 5gm base",AI.108,. miscellaneous
AI.110-001,clofazimine,"Capsule, 50mg, 100mg",AI.110,.antileprotic medicines
AI.110-002,dapsone,"Tablet, 25mg, 50mg, 100mg",AI.110,.antileprotic medicines
AI.110-003,rifampicin,"Capsule, 150mg, 300mg, 600mg",AI.110,.antileprotic medicines
AI.200-001,amphotericin b,"Liposomal Injection, 10mg/ml, 50mg/vial",AI.200,.antifungals
AI.200-002,clotrimazole,"Powder, 1% ; Mouth paint,1% ; Tablet (vaginal), 100mg, 500mg",AI.200,.antifungals
AI.200-003,flucytosine,"Capsule, 250mg, 500mg ; IV Infusion, 10mg/ml",AI.200,.antifungals
AI.200-004,fluconazole,"Capsule/Tablet, 50mg, 100mg, 200mg ; Oral liquide, 50mg/5ml, 200mg/5ml ; Injection: 2mg/ mL in vial.",AI.200,.antifungals
AI.200-005,griseofulvin,"Tablet, 125mg, 250mg ; Oral suspension, 125mg/5ml",AI.200,.antifungals
AI.200-006,itraconazole,"Capsule, 100mg, 200mg ; Oral solution, 10mg/ml",AI.200,.antifungals
AI.200-007,miconazole,"Oral gel, 25mg/ml vial ; Tablet (vaginal), 200mg",AI.200,.antifungals
AI.200-008,nystatin,"Oral Suspension, 100,000units/ml",AI.200,.antifungals
AI.200-009,terbinafine hydrochloride,"Tablet, 125mg, 250mg",AI.200,.antifungals
AI.200-010,voriconazole*,"Tablet 50mg, 200mg ; Powder for injection 200mg in vial ; Powder for oral liquid 40mg/ml ; *caspofungin can be used as alternatives",AI.200,.antifungals
AI.301-001,abacavir sulphate,Tablet 300mg ; Tablet (dispersible scored) 60mg,AI.301,. antiretrovirals
AI.301-002,abacavir sulphate /lamuvidine,"Tablet (Dispersible scored), 60mg/30mg, ; 120mg/60mg",AI.301,. antiretrovirals
AI.301-003,atazanavir/ ritonavir,"Tablet, 300mg/100mg",AI.301,. antiretrovirals
AI.301-004,darunavir,"Tablet, 150mg, 400mg, 600mg, 800mg ; 100mg/ml suspension",AI.301,. antiretrovirals
AI.301-005,doltegravir,Tablet 50mg,AI.301,. antiretrovirals
AI.301-006,dolutegravir + lamivudine + tenofovir,Tablet 50mg + 300mg + 300mg,AI.301,. antiretrovirals
AI.301-007,efavirenz,"Capsule, 100mg, 200mg ; Tablet, 200mg, 600mg",AI.301,. antiretrovirals
AI.301-008,efavirenz + lamuvidine + tenofovir,Tablet 400mg + 300mg + 300mg,AI.301,. antiretrovirals
AI.301-009,efavirenz + emtricitabine + tenofovir,"Tablet, 600mg +200mg +300mg",AI.301,. antiretrovirals
AI.301-010,emtricitabine + tenofovir,"Tablet , 200mg +300mg",AI.301,. antiretrovirals
AI.301-011,lamivudine,"Tablet, 150mg ; Oral Solution, 10mg/ml",AI.301,. antiretrovirals
AI.301-012,lamivudine+ zidovudine,"Tablet, 150mg +300mg, 30mg + 60mg",AI.301,. antiretrovirals
AI.301-013,lopinavir + ritonavir,"Oral suspension, 80mg + 20mg/ml ; Tablet, 200mg + 50mg; 100mg + 25mg",AI.301,. antiretrovirals
AI.301-014,nevirapine,"Syrup, 50mg/ml",AI.301,. antiretrovirals
AI.301-015,raltegravir,"Tablet (chewable) 25mg, 100mg ; Tablet, 400mg ; Granules for oral suspension 100mg in sachet",AI.301,. antiretrovirals
AI.301-016,zidovudine,"Capsule, 100mg, 250mg ; Tablet, 300mg ; IV Infusion, 10mg/ml ; Oral liquide, 50mg/5ml",AI.301,. antiretrovirals
AI.302-001,tenofovirdisoproxil fumarate (tdf),Tablet: 300mg (tenofovirdisoproxil fumarate – ; equivalent to 245mg tenofovirdisoproxil).,AI.302,.1. medicines for hepatitis b
AI.302-002,entecavir (etv),"Tablet, 0.5mg, 1mg ; Oral solution, 0.05mg/ml",AI.302,.1. medicines for hepatitis b
AI.302-001,glecaprevir + pibrentasvir,Tablet: 100mg + 40mg,AI.302,.2. medicines for hepatitis c
AI.302-002,sofosbuvir* +daclatasvir,Tablet: 400mg +60mg,AI.302,.2. medicines for hepatitis c
AI.302-003,sofosbuvir + velpatasvir,Tablet: 400mg + 100mg,AI.302,.2. medicines for hepatitis c
AI.302-004,sofosbuvir + ledipasvir,Tablet: 400mg+ 90mg.,AI.302,.2. medicines for hepatitis c
AI.303-001,acyclovir,"Capsule/Tablet, 200mg, 400mg ; Oral liquid 200mg/5ml ; Powder for Injection, 250mg, 500mg",AI.303,. other antivirals
AI.303-002,ganciclovir,"Powder for IV infusion, 500mg/Vial ; Capsule, 250mg, 500mg",AI.303,. other antivirals
AI.401-001,artemether,"Injection, 20mg/ml, 40mg/ml, 80mg/ml",AI.401,. anti-malarial medicines
AI.401-002,artemether + lumefantrine,"Tablet, 20mg + 120mg (Dispersible) ; Tablet, 20mg + 120mg",AI.401,. anti-malarial medicines
AI.401-003,artesunate,Injection 60mg/ml,AI.401,. anti-malarial medicines
AI.401-004,chloroquine,"Syrup, 50mg base/5ml ; Tablet, 250mg, 500mg(equivalent to 150mg, 300 ;mg base)",AI.401,. anti-malarial medicines
AI.401-005,mefloquine hydrochloride,"Tablet, 250mg",AI.401,. anti-malarial medicines
AI.401-006,primaquine phosphate,"Tablet, 7.5mg, 15mg base",AI.401,. anti-malarial medicines
AI.401-007,quinine- dihydrochloride,"Injection, 300mg/ml in 1ml ampoule ; Tablet, 300mg, 600mg",AI.401,. anti-malarial medicines
AI.401-008,doxycycline,"Tablet, 100mg",AI.401,. anti-malarial medicines
AI.402-001,diloxanide furoate,"Tablet, 500mg",AI.402,. medicines for amoebiasis
AI.402-002,metronidazole,"Oral Suspension, 125mg/5ml, 200mg ; Capsule/Tablet, 250mg ; Injection 500mg in 100ml vial",AI.402,. medicines for amoebiasis
AI.402-003,tinidazole,"Tablet, 500mg",AI.402,. medicines for amoebiasis
AI.403-001,metronidazole,"Oral Suspension,125mg/5ml,200mg/5ml ; Tablet/Capsule, 250mg",AI.403,. medicines  for giardiasis
AI.404-002,miltefosine,"Solid oral dosage form 10mg, 50mg",AI.404,.antileshimanisiasis
AI.404-003,paromomycin,"Capsule, 250mg ; Injection, 375mg/ml, (Sulfate) 2ml/ampoule",AI.404,.antileshimanisiasis
AI.404-004,sodium stibugluconate,"Injection, 100mg/ml",AI.404,.antileshimanisiasis
AI.405-001,pentamidine,"Powder for injection (Isethionate), 200mg",AI.405,. trypanocides
AI.405-002,suramin sodium,"Powder for Injection, 1gm in vial",AI.405,. trypanocides
AI.406-001,clindamycin,"Capsule, 75mg, 150mg ; Injection, 150mg/ml in ampoule ; Oral Solution, 15mg/ml",AI.406,. medicines for toxoplasmosis
AI.406-002,pyrimethamine,"Tablet, 25mg",AI.406,. medicines for toxoplasmosis
AI.406-003,sulfamethoxazole + trimethoprim,"Tablet: (pediatric), 100mg + 20mg (Dispersible); (adult), 400mg + 80mg; 800mg +160mg ; Suspension, 240mg/5ml ; Injection, 80mg + 16mg/ml (5ml, 10ml, 30ml)",AI.406,. medicines for toxoplasmosis
AI.406-004,sulfadiazine + folinic acid,Tablet 500mg +15mg,AI.406,. medicines for toxoplasmosis
AI.500-001,albendazol,"Tablet (chewable), 400mg ; Oral suspension, 100mg/5ml",AI.500,.antihelmentics
AI.500-002,diethyl carbamazine citrate,"Tablet, 50mg",AI.500,.antihelmentics
AI.500-003,ivermectin,"Tablet, 3mg, 6mg (Scored)",AI.500,.antihelmentics
AI.502-001,praziquantel,"Tablet, 600mg",AI.502,.schistosomicides
AI.503-001,1. albendazol,"Tablet, 200mg, 400mg ; Oral suspension, 100mg/5ml",AI.503,. other anthelmintics
AI.503-002,2. piperazine,"Elixir(Citrate), 500mg/5ml, 750mg/5ml",AI.503,. other anthelmintics
AI.503-003,3. mebendazole,"100mg, 500mg tablet (chewable) ; 100mg/5ml syrup",AI.503,. other anthelmintics
AI.503-001,acetaminophen,"Drops, 100mg/ml ; Injection, 1gm in 100ml ; Syrup, 120mg/5ml, 250mg/5ml ; Suppository, 125mg, 250mg ; Tablet,100mg, 500mg",AI.503,. other anthelmintics
AI.503-002,acetylsalicylic acid,"Tablet,300mg, (enteric coated)",AI.503,. other anthelmintics
AI.503-003,diclofenac,"Injection, 25mg/ml in 3ml ampoule, 75mg/ml ; Suppository 12.5mg, 25mg, 50mg, 100mg ; Tablet, 25mg, 50mg ; Gel, 1%w/w",AI.503,. other anthelmintics
AI.503-004,ibuprofen,"Syrup/suspension, 100mg/5ml ; Capsule/Tablet, 400mg",AI.503,. other anthelmintics
AI.503-005,fentanyl,"Injection, 50mg/ml ; Patch, 2.1mg, 4.2mg",AI.503,. other anthelmintics
AI.503-006,morphine,"Injection, 10mg/ml ; Oral Solution, 10mg/5ml ; Tablet, 10mg, 30mg",AI.503,. other anthelmintics
AI.503-007,pethidine,"Injection, 50mg/ml in 1ml and 2ml ampoule",AI.503,. other anthelmintics
AI.503-008,amitriptyline,"Tablet, 10mg, 25mg ,75mg",AI.503,. other anthelmintics
AI.503-009,gabapentin,"Tablet , 150mg, 300mg",AI.503,. other anthelmintics
AI.503-010,carbamazepine,"Tablet, 100mg, 200mg",AI.503,. other anthelmintics
AI.503-011,tramadol hydrochloride,"Injection, 50mg/ml ; Tablet/Capsule, 50mg, 100mg",AI.503,. other anthelmintics
NS.200-001,acetylsalicylic acid,"Tablet, 300mg to 500mg",NS.200,. antimigraine medicine
NS.200-002,ibuprofen,"Tablet, 200mg, 400mg",NS.200,. antimigraine medicine
NS.200-003,paracetamol,"Tablet, 500mg",NS.200,. antimigraine medicine
NS.200-004,propranolol,"Tablet, 20mg, 40mg",NS.200,. antimigraine medicine
NS.200-005,sumatriptan,"Tablet, 25mg, 50mg,100mg",NS.200,. antimigraine medicine
NS.300-001,diazepam,"Injection, 5mg/ml in 2ml ampoule ; Syrup, 2mg/5ml ; Tablet, 2mg, 5mg, 10mg",NS.300,hypnotics and anxiolytics
NS.300-002,midazolam hydrochloride,"Injection, 1mg/ml, 2mg/ml, 5mg/m ; Syrup, 2mg/ml ; Tablet, 10mg",NS.300,hypnotics and anxiolytics
NS.300-003,bromazepam,"Tablet, 1.5mg, 3mg",NS.300,hypnotics and anxiolytics
NS.300-004,lorazepam,"Injection, 1mg/ml, 4mg/ml ; Tablet ,0.5mg, 1mg",NS.300,hypnotics and anxiolytics
NS.400-001,amitriptyline,"Tablet, 25mg, 50mg",NS.400,.antidepressnat
NS.400-002,fluoxetine,"Capsule, 20mg",NS.400,.antidepressnat
NS.400-003,impramine,"Tablet, 10mg, 25mg",NS.400,.antidepressnat
NS.400-004,sertaline hydrochloride,"Tablet, 50mg, 100mg ; Oral soultion",NS.400,.antidepressnat
NS.500-001,carbamazepine,"Syrup, 100mg/5ml ; Tablet, 100mg, 200mg",NS.500,.anticonvulsants
NS.500-002,clonazepam,"Injection, 1mg/ml in 1ml ampule ; Tablet, 0.5mg, 1mg, 2mg",NS.500,.anticonvulsants
NS.500-003,diazepam,"Injection, 10mg/2ml in 2ml ampoule",NS.500,.anticonvulsants
NS.500-004,lamotrigine,"Tablet, 25mg, 50mg, 100mg, 200mg",NS.500,.anticonvulsants
NS.500-005,lorazepam,"Injection,1mg, 4mg/ml",NS.500,.anticonvulsants
NS.500-006,magnesium sulphate,"Injection, 50% in 20ml",NS.500,.anticonvulsants
NS.500-007,phenytoin (sodium salt),"Capsule, 50mg, 100mg ; Injection, 50mg/ml in 5ml vial ; Powder for injection, 250mg/ vial ; Tablet, 50mg, 100mg",NS.500,.anticonvulsants
NS.500-008,phenobarbitone(phenobarbital),"Elixir, 20mg/5ml ; Injection, 25mg/ml, 100mg/ml ; Tablet,15mg, 30mg, 60mg,100mg",NS.500,.anticonvulsants
NS.500-009,sodium valproate,"Tablet, 200mg, 500mg ; Syrup, 200mg/5ml",NS.500,.anticonvulsants
NS.500-010,gabapentin,"Tablet, 100, 150mg, 300mg",NS.500,.anticonvulsants
NS.500-011,ethiosuxumide,"Tablet, 250mg ; Syrup 250mg/ml",NS.500,.anticonvulsants
NS.600-001,benzhexol/trihexphenidyl,"Tablet, 2mg, 5mg",NS.600,. antiparkinson medicines/ drug induced movement disorder
NS.600-002,levodopa + carbidopa,"Tablet, 100mg +10mg; 250mg +25mg",NS.600,. antiparkinson medicines/ drug induced movement disorder
NS.600-003,benzotropine,"Tablet 1mg, 2mg",NS.600,. antiparkinson medicines/ drug induced movement disorder
NS.600-004,valbenazine,"Capsule, 40mg, 80mg",NS.600,. antiparkinson medicines/ drug induced movement disorder
NS.700-001,chlorpromazine hydrochloride,"Injection, 25mg/ml ; Tablet, 25mg, 50mg, 100mg",NS.700,.antipsychotic medicines
NS.700-002,clozapine,"Tablet, 25mg, 50mg, 100mg",NS.700,.antipsychotic medicines
NS.700-003,fluphenazine decanoate,"Injection (Depot. Oily), 25mg/ml",NS.700,.antipsychotic medicines
NS.700-004,haloperidol,"Injection, 5mg/ml ; Injection (Depot oily), 50mg/ml, 100mg/ml ; Tablet, 1mg,2mg, 5mg",NS.700,.antipsychotic medicines
NS.700-005,olanzapine,"Tablet, 5mg",NS.700,.antipsychotic medicines
NS.700-006,quetiapine,"Tablet, 25mg,100mg ,200mg ; ER tablet, 100mg, 200mg",NS.700,.antipsychotic medicines
NS.700-007,risperidone,"Tablet, 1mg, 2mg, 3mg, 4mg ; Powder for injection, 50mg(Depot)",NS.700,.antipsychotic medicines
NS.800-002,lithium carbonate,"Tablet, 300mg",NS.800,.mood stabilizers
NS.800-003,sodium valproate,"Syrup, 200mg/5ml ; Tablet, 200mg, 500mg",NS.800,.mood stabilizers
NS.900-001,bupropion,"Tablet, 75mg, 100mg",NS.900,. medicines for substance abuse and dependence
NS.900-002,methadone hydrochloride,"Tablet, 5mg, 10mg, 40mg ; Concentrate for Oral liquid, 5mg/ml, 10mg/ml ; Oral liquid, 5mg/5ml, 10mg/5ml",NS.900,. medicines for substance abuse and dependence
NS.900-003,naltrexone hydrochloride,"Tablet, 50m g ; Injection, 380mg/Vial",NS.900,. medicines for substance abuse and dependence
NS.900-004,nicotine replacement therapy (nrt),"Chewing Gum, 2mg, 4mg ; Transdermal Patch, 5mg – 30mg/16hrs, 7mg - ; 21mg/24hrs",NS.900,. medicines for substance abuse and dependence
NS.100-002,methylphenidate,"Tablet, 5mg, 10mg, 20mg",NS.100,0. medicines for attention deficit disorder
NS.100-003,dextroamphetamine,"Tablet, 2.5mg,5mg,10mg ; Oral liquid, 5mg/5ml ; ER tablet, 10mg,15mg",NS.100,0. medicines for attention deficit disorder
NS.100-002,ephedrine hydrochloride,"Injection, 50mg/ml",NS.100,0. medicines for attention deficit disorder
NS.100-003,glycopyrronium,"Injection, 0.2mg/ml,",NS.100,0. medicines for attention deficit disorder
NS.100-004,neostigmine,"Injection, 0.5mg/ml, 2.5mg/ml in 1ml ampoule",NS.100,0. medicines for attention deficit disorder
NS.100-005,oxygen,Inhalation (Medicinal gas),NS.100,0. medicines for attention deficit disorder
NS.100-006,paracetamol,"Solution for infusion, 10mg/ml",NS.100,0. medicines for attention deficit disorder
NS.100-007,phenylephrine hydrochloride,"Injection, 10mg/ml in 1ml ampoule",NS.100,0. medicines for attention deficit disorder
AA.400-001,pancuronium bromide,"Injection, 2mg/ml in 2ml ampoule",AA.400,.neuromescular blockers
AA.400-002,suxamethonium chloride* (succinylcholine),"Powder for injection, 50mg, 100mg, 500mg ; Injection, 50mg/ml ; *Rocuronium can be used as alternatives",AA.400,.neuromescular blockers
AA.400-003,cisatracurium,"Injection, 2mg/ml ; *Atracurium can be used as alternatives",AA.400,.neuromescular blockers
AA.400-004,vecuronium bromide,"Powder for injection, 10mg in a vial",AA.400,.neuromescular blockers
AA.400-003,chloroquine phosphate,"Tablet, 150mg",AA.400,.neuromescular blockers
VT.100-001,ascorbic acid (vitamin c),"Tablet, 100mg, 500mg",VT.100,. vitamin
VT.100-002,cholecalciferol (vitamin d3)*,"Capsule, 10000iu, 50000iu ; Injection, 300000iu/ml ; *Ergocalciferol (D2) can be used as alternatives",VT.100,. vitamin
VT.100-003,cyanocobalamine (vitamin b12),"Injection, 1mg/ml in 1ml ampoule",VT.100,. vitamin
VT.100-004,folic acid,"Tablet, 1mg, 5mg",VT.100,. vitamin
VT.100-005,phytomenadione (vitamin k1),"Injection, 1mg/0.5ml, 10mg/ml in 1ml ampoule ; Tablet, 10mg",VT.100,. vitamin
VT.100-006,pyridoxine hydrochloride (vitamin b6),"Tablet, 25mg, 50mg",VT.100,. vitamin
VT.100-007,thiamine hydrochloride(vitamin b1),"Tablet, 50mg, 100mg ; Injection, 50mg/ml in 2ml ampoule",VT.100,. vitamin
VT.100-008,vitamin a,"Capsule, 50,000IU, 100,000IU, 200,000IU ; Injection, 50,000IU/ml",VT.100,. vitamin
VT.200-001,vitamin b1 + b6 + b12,"Tablet/Injection,100mg +200mg+1000mcg",VT.200,. vitamin b-complex preparation
VT.300-001,multivitamin with minerals and/or extracts,"Tablet, syrup, drops",VT.300,.multivitamins with minerals and /or extracts
VT.300-003,hydrocortisone,"Injection (Sodium Succinate), 50mg/mlin 2ml ; ampoule,125mg/ml ; Tablet (Acetate), 5mg, 10mg, 20mg",VT.300,.multivitamins with minerals and /or extracts
VT.300-004,methylprednisolone acetate,"Injection (aqueous suspension),40mg/ml, 80mg/ml ; in 1ml and 2ml ampoules",VT.300,.multivitamins with minerals and /or extracts
VT.300-005,prednisolone,"Tablet, 1mg, 3.5mg, 5mg, 10mg ; Injection (Sodium Phosphate), 10mg/ml, 25mg/ml ; in 2ml ampoule",VT.300,.multivitamins with minerals and /or extracts
VT.300-006,triamcinolone acetonide,"Injection, 10mg/ml, 40mg/ml in vial ; Tablet, 4mg",VT.300,.multivitamins with minerals and /or extracts
VT.300-007,fludrocortisone,Tablet: 100 micrograms (acetate).,VT.300,.multivitamins with minerals and /or extracts
ED.200-001,aqueous iodine solution (iodine + potassium iodide),"Solution, 5% + 10%",ED.200,. thyroid hormone and anti-thyroid agents
ED.200-002,carbimazole,"Tablet, 5mg",ED.200,. thyroid hormone and anti-thyroid agents
ED.200-003,propylthiouracil(ptu),"Tablet, 25mg, 50mg, 100mg",ED.200,. thyroid hormone and anti-thyroid agents
ED.200-004,levothyroxine,"Tablet, 0.025mg, 0.05mg, 0.1mg",ED.200,. thyroid hormone and anti-thyroid agents
ED.300-001,glibenclamide*,"Tablet, 5mg ; *Gliclazide can be used as alternative",ED.300,. drugsused for management of blood suger
ED.300-002,glimperide,"Tablet, 1mg, 2mg",ED.300,. drugsused for management of blood suger
ED.300-003,glucagon,"Injection, 1mg/ml",ED.300,. drugsused for management of blood suger
ED.300-004,insulin,"Injection (Soluble /Natural), 100 units/ml in10ml ; vial, ; NPH ,100 units/ml in 10ml vial",ED.300,. drugsused for management of blood suger
ED.300-005,metformin,"Tablet, 500mg, 1000mg",ED.300,. drugsused for management of blood suger
ED.300-006,dapagliflozin,"Tablet, 10mg",ED.300,. drugsused for management of blood suger
ED.400-001,norethindrone (norethisterone,"Tablet, 5mg",ED.400,. female sex hormone preparations
ED.400-002,hydroxyprogesterone caproate,"Injection, 250mg/ml in1ml ampoule",ED.400,. female sex hormone preparations
ED.400-003,estradiol,Vaginal cream 0.01%,ED.400,. female sex hormone preparations
ED.400-004,medroxyprogesteronen acetate,Tablet: 5mg.,ED.400,. female sex hormone preparations
ED.501-001,levonorgestrel (d-norgestrel) + ethinylestradiol with/ without iron,"Tablet, 0.15mg +0.03mg, 0.25mg + 0.05mg, ; 0.5mg +0.05mg, 0.3mg + 0.03mg; 0.05mg +0.03mg (6tablet), 0.075mg +0.04mg ; (5tablet), 0.125mg + 0.03mg (10tablet)",ED.501,. combined oral contraceptives
ED.502-001,leovonorgestrel (d-nongestrel),"Tablet, 0.75mg, 1.5mg",ED.502,. emergency contraceptive
ED.503-001,medroxyprogesterone acetate,"Injection, 150mg/ml in 1ml vial",ED.503,.progesterone only contraceptives
ED.503-002,norethindrone,"Tablet, 0.35mg",ED.503,.progesterone only contraceptives
ED.504-001,condoms,Male,ED.504,. contraceptive devices and barriers
ED.504-002,levonorgestrel-releasing intrauterine system,Intrauterine with reservoir containing 52mg of ; levonorestrel,ED.504,. contraceptive devices and barriers
ED.504-003,copper t380a,,ED.504,. contraceptive devices and barriers
ED.505-001,etonogestrel-releasing implant,"Single-rod etonogestrel-releasing implant, ; containing 68mg of etonogestrel.",ED.505,.implantable contraceptives
ED.505-002,levonorgestrel-releasing implant,"Two-rod levonorgestrel-releasing implant, each ; rod containing 75mg of levonorgestrel (150mg ; total). ; rod containing 75mg of levonorgestrel (150mg ; total).",ED.505,.implantable contraceptives
OG.000-001,clomifene citrate,"Tablet, 50mg",OG.000,.obstetrics and gyenecological medications
OG.000-002,ergometrin,"Injection, 0.2mg/ml",OG.000,.obstetrics and gyenecological medications
OG.000-004,misoprostol,Vaginal tablet : 0.025mg,OG.000,.obstetrics and gyenecological medications
OG.000-005,misoprostol + mifeprostone,"Tablet, 200mcg + 200mg",OG.000,.obstetrics and gyenecological medications
OG.000-006,pethidine hydrochloride,"Injection, 50mg/ml",OG.000,.obstetrics and gyenecological medications
OG.000-007,dinoprostone (prostaglandine e2 ),"Tablet, 3mg",OG.000,.obstetrics and gyenecological medications
OG.000-008,oxytocin,"Injection, 10unit/ml",OG.000,.obstetrics and gyenecological medications
OG.000-009,nifedipine*,"Tablet, 10mg. ; *salbutamol 2mg tablet can be use alternatively",OG.000,.obstetrics and gyenecological medications
OG.000-010,tranexamic acid,Injection: 100mg/ml in 10ml ampule,OG.000,.obstetrics and gyenecological medications
OG.000-011,caffeine citrate,Injection: 20mg/ mL,OG.000,.obstetrics and gyenecological medications
OG.000-012,dexamethasone *,"Injection, 4mg/ml ; *bethamethasone will be used alternatively",OG.000,.obstetrics and gyenecological medications
OG.000-013,norethistirone,"Tablet, 5mg ; Capsule, 60mg +400mcg ( Pregnant )",OG.000,.obstetrics and gyenecological medications
OG.000-004,folinic acid,"Tablet, 15mg",OG.000,.obstetrics and gyenecological medications
OG.000-005,iron complex,"Injection ( sucrose/ gluconate), 50mg/ml in 2ml ; ampoule",OG.000,.obstetrics and gyenecological medications
OG.000-006,folic acid,"Tablet, 5mg, 0.4mg, 800mcg",OG.000,.obstetrics and gyenecological medications
OG.000-007,erythropoiesis-stimulating agents*,"Injection: pre-filled syringe 1000IU/ 0.5 mL; 2000IU/ 0.5 mL; 3000IU/ 0.3 mL; 4000IU/ 0.4 ; mL; 5000IU/ 0.5 mL; 6000IU/ 0.6 mL; 8000IU/ ; 0.8mL; 10 000IU/ 1 mL; 20 000IU/ 0.5 mL; 40 ; 000IU/ 1 mL ; * the square box applies to epoetinalfa, beta and ; theta, darbepoetinalfa, methoxy polyethylene ; glycol-epoetinbeta,and their respective biosimilars.",OG.000,.obstetrics and gyenecological medications
BL.400-001,desmopressin,Injection: 4 micrograms/ mL (as acetate) in 1- mL ; ampoule. ; Nasal spray: 10 micrograms (as acetate) per dose,BL.400,. antihemophilic agent
BL.400-002,coagulation factor viii,Powder for injection: 500 IU/vial,BL.400,. antihemophilic agent
BL.400-003,coagulation factor ix,"Powder for injection: 500 IU/vial, 1000 IU/vial",BL.400,. antihemophilic agent
BL.500-001,acetylsalicylic acid,"Tablet: 75mg, 81mg, 100mg (enteric coated)",BL.500,. antiplatelate
BL.500-002,clopidogrel,"Tablet: 75mg, 100mg",BL.500,. antiplatelate
BL.600-001,"dextran (mw 40,000)*",Solution: 10% w/v in 5% Dextrose,BL.600,. blood substitute and plasma expander
BL.600-002,"dextran (mw 70,000)*",Solution: 6% w/v in 5% Dextrose,BL.600,. blood substitute and plasma expander
BL.600-003,albumin chloride 70 total osmolality 294meq/liter,Solution: 20%,BL.600,. blood substitute and plasma expander
BL.600-005,potassium chloride,"Tablet: 600mg,",BL.600,. blood substitute and plasma expander
BL.600-006,sodium bicarbonate,"Tablet: 500mg,",BL.600,. blood substitute and plasma expander
FE.200-001,calcium gluconate,Injection: 10% in 10ml ampoule,FE.200,. parenterals
FE.200-002,dextrose,"Injection, 5% in 250ml, 1000ml; 10% in 500ml, ; 1000ml; 40% in 20ml",FE.200,. parenterals
FE.200-003,dextrose in normal saline,"Injection 5% in 500ml, 1000ml; 10% in 500ml, 1000ml",FE.200,. parenterals
FE.200-004,lactated ringer’s (hartmann’s solution),"Injectable solution: K+4mEq + Na + 130mEq + ; Ca+, 3mEq + Cl- 110mEq + Lactate 28mEq in ; 1000ml",FE.200,. parenterals
FE.200-005,potassium chloride,"Injection, 150mg/ml in 10ml ampoule",FE.200,. parenterals
FE.200-006,sodium bicarbonate,"Injection (concentrated), 8.4% (50meq/50ml)",FE.200,. parenterals
FE.200-007,sodium chloride,"Injection, 0.9% (Normal Saline), 1000ml; 0.9% in ; 500ml, 3% in 500ml; 0.45% sodium chloride (equivalent to Na+ 75 ; mmol/L and Cl- 75 mmol/L).",FE.200,. parenterals
IM.000-001,adalimumab,Injection: 40mg/0.8 mL; 40mg/0.4 mL,IM.000,. immunomudulators
IM.000-002,azathioprine,Tablet (scored): 50mg.,IM.000,. immunomudulators
IM.000-003,tacrolimus,"Tablet: 25mg, 50mg",IM.000,. immunomudulators
IM.000-004,cyclosporin,Capsule: 25mg,IM.000,. immunomudulators
IM.000-005,granulocyte colony stimulating factor (g-csf),"Injection: 300mcg, 600mcg",IM.000,. immunomudulators
IM.000-006,lenalidomide,Capsule: 25mg,IM.000,. immunomudulators
IM.000-007,thalidomide,Capsule: 100mg,IM.000,. immunomudulators
IM.000-013,actinomycin-d/ dactinomycin,Powder for injection: 0.5mg in vial.,IM.000,. immunomudulators
IM.000-014,daunomycin hydrochloride /daunorubicin,Powder for injection: 50mg (hydrochloride) in ; vial.,IM.000,. immunomudulators
IM.000-015,docetaxel,Injection: 40mg/ mL.,IM.000,. immunomudulators
IM.000-016,doxorubicin,Powder for injection: 50mg (hydrochloride) in ; vial.,IM.000,. immunomudulators
IM.000-017,etoposide,Powder for Injection: 100mg ; Capsule: 50mg,IM.000,. immunomudulators
IM.000-018,epirubicin,"Injection, 50mg",IM.000,. immunomudulators
IM.000-019,fludarabine,Powder for injection: 50mg (phosphate) in vial.,IM.000,. immunomudulators
IM.000-020,fluorouracil,Injection: 50mg/ mL.,IM.000,. immunomudulators
IM.000-021,gemcitabine,Powder for injection: 1 g in vial.,IM.000,. immunomudulators
IM.000-022,hydroxyurea (hydroxycarbamide),Solid oral dosage form: 500mg,IM.000,. immunomudulators
IM.000-023,ifosfamide,Powder for injection: 1000mg vial; 3000mg in ; vial,IM.000,. immunomudulators
IM.000-024,ifosfamide + mesna,Powder for injection: 1000mg + 100mg/ mL in ; vial,IM.000,. immunomudulators
IM.000-025,irinotecan,"Injection: 40mg/2ml, 100mg/5 mL",IM.000,. immunomudulators
IM.000-026,melphalan,Tablet: 2mg,IM.000,. immunomudulators
IM.000-027,mercaptopurine,Tablet: 50mg.,IM.000,. immunomudulators
IM.000-028,methotrexate,"Powder for injection: 50mg in vial. ; Tablet: 2.5mg, 5mg (as sodium salt). ; Interthecal methotrexate 5mg/2ml",IM.000,. immunomudulators
IM.000-029,oxaliplatin,Injection: 50mg/10 mL; 100mg/20 mL,IM.000,. immunomudulators
IM.000-030,paclitaxel,Powder for injection: 6mg/ mL.,IM.000,. immunomudulators
IM.000-031,procarbazine,Capsule: 50mg (as hydrochloride).,IM.000,. immunomudulators
IM.000-032,vinblastine,Powder for injection: 10mg (sulfate) in vial.,IM.000,. immunomudulators
IM.000-033,vincristine,Powder for injection: 1mg in vial.,IM.000,. immunomudulators
IM.000-034,vinorelbine,Injection: 10mg/mL in vial.,IM.000,. immunomudulators
AN.200-001,all-trans retinoid acid (atra),Capsule: 10mg.,AN.200,.targeted therapies
AN.200-002,bortezomib,Powder for injection: 3.5mg in vial.,AN.200,.targeted therapies
AN.200-003,dasatinib,Tablet: 70mg; 100mg;,AN.200,.targeted therapies
AN.200-004,imatinib,Tablet: 100mg,AN.200,.targeted therapies
AN.200-005,nilotinib,Capsule: 200mg.,AN.200,.targeted therapies
AN.200-006,rituximab,Injection (intravenous): 500mg/50 mL in vial.,AN.200,.targeted therapies
AN.200-007,azacitidine:,Powder of Injection: 100mg/vial,AN.200,.targeted therapies
AI.300-001,abiraterone,Tablet: 250mg; 500mg,AI.300,. hormone and antihormones
AI.300-002,anastrozole,Tablet: 1mg.,AI.300,. hormone and antihormones
AI.300-003,bicalutamide,Tablet: 50mg,AI.300,. hormone and antihormones
AI.300-004,cabergoline,Tablet: 0.5mg,AI.300,. hormone and antihormones
AI.300-005,tamoxifen,Tablet: 20mg (as citrate).,AI.300,. hormone and antihormones
AI.300-006,goserelin,"Injection: 3.6mg, 10.8mg",AI.300,. hormone and antihormones
AN.400-001,mesna,Injection: 100mg/ mL in ampoules.,AN.400,.supportive medicines
AN.400-002,zoledronic acid,Concentrate solution for infusion: 4mg/5 mL in ; vial.,AN.400,.supportive medicines
AN.400-003,alendronate,Tablet: 70mg,AN.400,.supportive medicines
BP.000-001,alfuzosin,Tablet: 10mg,BP.000,.medicines used for benign prostate hyperplasia
BP.000-002,finastride,Tablet: 5mg,BP.000,.medicines used for benign prostate hyperplasia
BP.000-003,tamsulosin,Tablet: 0.4mg,BP.000,.medicines used for benign prostate hyperplasia
BP.000-004,terazosin,Tablet: 1mg,BP.000,.medicines used for benign prostate hyperplasia
BP.000-004,sodium cromogylate,"Solution (eye drop), 2%, 4%",BP.000,.medicines used for benign prostate hyperplasia
BP.000-005,olopatadine,Eye drop: 0.1%; 0.2%,BP.000,.medicines used for benign prostate hyperplasia
BP.000-006,hydroxypropyl methylcellulose (artificial tears),Eye drop: 1%,BP.000,.medicines used for benign prostate hyperplasia
BP.000-007,sodium chloride,Eye drop: 5%,BP.000,.medicines used for benign prostate hyperplasia
OP.500-001,chloramphenicol + dexamethasone,"Eye drops, 0.5% +0.1%",OP.500,.anti-infective /anti-inflammatory combinations
OP.500-002,ciprofloxacin + dexamethasone,"Eye Suspension, 0.3%, 0.1%",OP.500,.anti-infective /anti-inflammatory combinations
OP.500-003,oxytetracycline hydrochloride + hydrocortisone acetate + polymixin b sulphate,"Eye drops, 5mg +15mg + 10,000U/ml",OP.500,.anti-infective /anti-inflammatory combinations
OP.600-001,tetracaine hydrochloride,Eye drops: 0.5%,OP.600,. topical anesthetics
OP.600-002,proparacaine,Eye drop: 0.5%,OP.600,. topical anesthetics
OP.700-001,flurbiprofen,Eye drops: 0.03%,OP.700,.ophthalmic analgesics
OP.800-001,fluorescein sodium,Eye paper (sterile strip),OP.800,.diagnostic and miscellaneous agent
OP.800-002,povidone iodine,"Eye drops: 5%,",OP.800,.diagnostic and miscellaneous agent
EN.000-001,clotrimazole,Solution (ear drops): 1%,EN.000,"ear, nose and throat preparations"
EN.000-002,miconazole,Oral gel: 25mg/ml,EN.000,"ear, nose and throat preparations"
EN.000-003,nystatin,Suspention: 100000 u/ml,EN.000,"ear, nose and throat preparations"
EN.000-004,hydrogen peroxide,Solution: 3%,EN.000,"ear, nose and throat preparations"
EN.000-005,ciprofloxacin,Ear drop: 0.3%,EN.000,"ear, nose and throat preparations"
EN.000-006,chlorhexidine,Solution: 0.12%,EN.000,"ear, nose and throat preparations"
EN.000-007,lidocaine,Spray (Hydrochloride): 4%,EN.000,"ear, nose and throat preparations"
EN.000-008,xylometazoline,"Solution (Nose drops) : 0.05%, 0.1%",EN.000,"ear, nose and throat preparations"
EN.000-009,silver nitrate,Solution : 0.75%,EN.000,"ear, nose and throat preparations"
EN.000-010,mometasone,Nasal spray : 0.1mg,EN.000,"ear, nose and throat preparations"
EN.000-011,fluticasone,Nasal spray : 0.05mg/spray,EN.000,"ear, nose and throat preparations"
EN.000-012,saline spray,Isotonic : 0.9% ; Hypertonic : 3%,EN.000,"ear, nose and throat preparations"
EN.000-013,triamcinolone acetonide,Oral paste : 0.1%,EN.000,"ear, nose and throat preparations"
EN.000-014,acetic acid,Solution : 2%,EN.000,"ear, nose and throat preparations"
EN.000-015,betahistine,Tablet : 24mg,EN.000,"ear, nose and throat preparations"
EN.000-016,pilocarpine,Tablet : 5mg,EN.000,"ear, nose and throat preparations"
EN.000-017,oxytetracycline hydrochloride + hydrocortisone acetate + polymixin b sulphate,"Ear drops, 5mg +15mg + 10,000U/ml ; Ointment: 1%",EN.000,"ear, nose and throat preparations"
EN.000-003,miconazole,Cream: 2%,EN.000,"ear, nose and throat preparations"
EN.000-004,benzyl benzoate,Lotion: 25%,EN.000,"ear, nose and throat preparations"
EN.000-005,ganciclovir,Tablet: 500mg,EN.000,"ear, nose and throat preparations"
EN.000-006,cephalexin,Oral liquid: 250mg/5ml suspension,EN.000,"ear, nose and throat preparations"
EN.000-007,mupirocin,Cream: 2%,EN.000,"ear, nose and throat preparations"
EN.000-008,nitrofurazone,"Ointment: 30gm, 45gm",EN.000,"ear, nose and throat preparations"
EN.000-009,fusidic acid,Cream: 2% ; Ointment: 2%,EN.000,"ear, nose and throat preparations"
EN.000-010,sulfur dioxide,Ointment: 10%,EN.000,"ear, nose and throat preparations"
EN.000-011,silver sulfadiazine,Cream: 1%,EN.000,"ear, nose and throat preparations"
EN.000-012,permethrin,Cream: 5% w/w,EN.000,"ear, nose and throat preparations"
EN.000-013,metronidazole,"Cream: 0.75 % w/w, 1%w/w",EN.000,"ear, nose and throat preparations"
EN.000-014,ketoconazole,Shampoo: 2%,EN.000,"ear, nose and throat preparations"
EN.000-015,paromomycin,Cream: 15%,EN.000,"ear, nose and throat preparations"
EN.000-016,terbinafine hydrochloride (access),Cream: 1% ; Tablet: 250mg,EN.000,"ear, nose and throat preparations"
EN.000-017,zinc sulphate,Tablet: 20mg,EN.000,"ear, nose and throat preparations"
EN.000-018,ascorbic acid (vitamine c),Tablet: 500mg,EN.000,"ear, nose and throat preparations"
DE.200-001,betamethasome valerate,Cream: 0.1% ; Ointment: 0.1%,DE.200,"anti-inflammatories, topical"
DE.200-002,betamethasone dipropionate,"Cream: 0.025% w/w, 0.05%",DE.200,"anti-inflammatories, topical"
DE.200-003,hydrocortisone acetate,"Cream: 1% ; Ointment, 1%",DE.200,"anti-inflammatories, topical"
DE.200-004,mometasone furaoate,Cream: 0.1% ; Ointment: 0.1%,DE.200,"anti-inflammatories, topical"
DE.200-005,clobetasol propionate,Cream: 0.05%,DE.200,"anti-inflammatories, topical"
DE.200-006,triamcinolone acetonide,Cream: 0.1%w/w ; Paste: 0.1%w/w,DE.200,"anti-inflammatories, topical"
DE.200-007,methyl salicylate,Ointment: 25%w/w,DE.200,"anti-inflammatories, topical"
DE.200-008,propranolol,"Tablet: 5mg, 10mg",DE.200,"anti-inflammatories, topical"
DE.300-001,benzoyl peroxide,"Gel: 2.5%, 5%, 10% ; Solution, 2.5%, 5, 10%",DE.300,keratolytic/caustics and antiacne agents
DE.300-002,salicylic acid,"Ointment, 2%, 5%, 10%",DE.300,keratolytic/caustics and antiacne agents
DE.300-003,urea,"Cream: 10% w/w, ointment: 10%w/w",DE.300,keratolytic/caustics and antiacne agents
DE.300-004,retinoic acid,"Cream: 0.025%w/w, ; Gel: 0.01%, ; Lotion: 0.025%, ; Ointment: 0.05%",DE.300,keratolytic/caustics and antiacne agents
DE.300-005,clindamycin,"Lotion: 1%w/w, ; Gel: 1%w/w",DE.300,keratolytic/caustics and antiacne agents
DE.300-006,azelaic acid,Cream: 20%w/w,DE.300,keratolytic/caustics and antiacne agents
DE.300-007,isotretinoin,"Capsule: 10mg, 20mg",DE.300,keratolytic/caustics and antiacne agents
DE.300-008,coal tar,Ointment: 5%w/w,DE.300,keratolytic/caustics and antiacne agents
DE.300-009,hydroquinone,"Topical solution :2%,4%",DE.300,keratolytic/caustics and antiacne agents
DE.400-001,calcipotriol,"Cream, Ointment (scalp application), 0.005%",DE.400,medicines for psoriasis and eczema
DE.400-002,acitretin,Tablet: 10mg,DE.400,medicines for psoriasis and eczema
DE.400-003,dithranol,"Paste, 1%; Scalp application, 0.25%, 0.5%",DE.400,medicines for psoriasis and eczema
DE.400-004,ichthammol,Ointment: 10%w/w,DE.400,medicines for psoriasis and eczema
DE.400-005,sun screen,with SpF 30+ (UVA + UVB block,DE.400,medicines for psoriasis and eczema
DE.400-006,zinc oxide,Paste: 20%w/w,DE.400,medicines for psoriasis and eczema
DE.500-001,calamine,Lotion: 15% w/v,DE.500,antipruritics
DE.600-001,ethyl alcohol,Solution: 70% w/v,DE.600,antiseptic  agents
DE.600-002,alcohol based hand rub,Solution: containing ethanol 80% V /V ; Solution: containing isopropyl alcohol 75% V/V,DE.600,antiseptic  agents
DE.600-003,chlorhexidine,Solution or gel: 7.1% (digluconate) delivering 4% ; chlorhexidine (for umbilical cord care),DE.600,antiseptic  agents
DE.600-004,iodine,Solution: 2% V/V,DE.600,antiseptic  agents
DE.600-005,povidone iodine,Solution: 10%V/V,DE.600,antiseptic  agents
DE.600-006,gentian violet,Solution: 1%v/v,DE.600,antiseptic  agents
DE.600-001,"hepatitis b vaccine, inactivated","Injection: 16.5% in 2ml, 10ml",DE.600,antiseptic  agents
DE.600-002,hepatitis b vaccine recombinant yeast dna,Injection: 0.5ml,DE.600,antiseptic  agents
DE.600-003,bcg vaccine,"Injection: 500,000 organisms /ml in 0.05ml, 0.1ml",DE.600,antiseptic  agents
DE.600-004,human papiloma virus vaccine quadrivalent,Injection : 0.5ml,DE.600,antiseptic  agents
DE.600-005,measles virus vaccine live attenuated,Injection: 0.5ml,DE.600,antiseptic  agents
DE.600-006,"pentavalent (diphtheria, pertusis, tetanus, haemophilus influenzae b, and hepatitis b) vaccine",Injection : 0.5ml,DE.600,antiseptic  agents
DE.600-007,"oral poliomyelitis vaccine, trivalent type i, ii, and iii","Oral: 0.5ml, 10ml, and 20ml",DE.600,antiseptic  agents
DE.600-008,"inactivated poliomyelitis vaccine (ipv), trivalent type i, ii, and iii",Injection: 0.5ml,DE.600,antiseptic  agents
DE.600-009,rabies (human diploid cell) vaccine,Injection: 2.5IU/ml in 2ml,DE.600,antiseptic  agents
DE.600-010,"rota virus vaccine monovalent (p1 [8], g1]), bivalent, pentavalent (g1, 2, 3, 4, 5 and p1 [8])",Oral solution: 2ml,DE.600,antiseptic  agents
DE.600-011,tetanus toxoid,"Injection: 0.5ml, 1ml",DE.600,antiseptic  agents
DE.600-012,pneumococcal conjugate vaccine (pcv),Injection: 0.5ml,DE.600,antiseptic  agents
DE.600-013,influenza vaccine (seasonal),"Injection: 0.25 mL, 0.5ml, 5ml",DE.600,antiseptic  agents
DE.600-001,anti-rho (d) human immunoglobulin,Injection: 300mcg,DE.600,antiseptic  agents
DE.600-002,human antirabies immunoglobulin,Injection: 150 IU/ml in 2ml,DE.600,antiseptic  agents
DE.600-003,anti-tetanus human immunoglobulin,Injection: 250IU/ml in vial.,DE.600,antiseptic  agents
DE.600-004,"tetanus antitoxin, equine","Injection: 1,500IU",DE.600,antiseptic  agents
DE.600-005,hepatitis b immunoglobulin,100IU/mL,DE.600,antiseptic  agents
DE.600-006,"immune serum globulin, human (gamma globulin, human)","Injection, 16.5% in 2ml, 5ml",DE.600,antiseptic  agents
AN.000-001,acetylcysteine,Injection: 200mg/ml in 10ml ampoule,AN.000,antidotes and other substances used in poisoning
AN.000-002,activated charcoal,"Powder for reconstitution: 15gm/120ml, 25gm",AN.000,antidotes and other substances used in poisoning
AN.000-004,deferoxamine mesylate,Powder for injection: 500mg in vial,AN.000,antidotes and other substances used in poisoning
AN.000-005,"digoxin immune (fab ovine) digoxin-specific, antibody fragments",Powder for injection: 40mg,AN.000,antidotes and other substances used in poisoning
AN.000-006,flumazenil,Injection: 0.5mg/5 mL in ampoule,AN.000,antidotes and other substances used in poisoning
AN.000-007,lipid emulsion,Injection: 20% (200 to 500mL),AN.000,antidotes and other substances used in poisoning
AN.000-009,sodium nitrite,Injection: 3% (30mg/ml),AN.000,antidotes and other substances used in poisoning
AN.000-010,physostigmine,Injection: 1mg/ml,AN.000,antidotes and other substances used in poisoning
AN.000-011,naloxone hydrochloride,Injection: 0.4mg in 1ml ampule,AN.000,antidotes and other substances used in poisoning
AN.000-012,pralidoxime chloride,Powder for injection: 1000mg/vial ; Tablet: 500mg,AN.000,antidotes and other substances used in poisoning
AN.000-013,protamine sulphate,"Injection: 10mg/ml in 5ml ampoule; 250mg (10mg/ml), 25ml",AN.000,antidotes and other substances used in poisoning
AN.000-014,snake venom antiserum polyvalent,Injection: 10ml,AN.000,antidotes and other substances used in poisoning
RC.000-001,amidotrizoate (urografin),Solution for injection: 76%,RC.000,radiocontrast media
RC.000-002,barium sulfate,Powder in Sachets,RC.000,radiocontrast media
RC.000-003,iopamidol,"Solution for injection: 370mg/50ml, ; Iohexol is can be an alternative",RC.000,radiocontrast media
RC.000-004,gadobutrol,Solution for injection: 1mmol/ml,RC.000,radiocontrast media
RC.000-005,gadodiamide,Solution for injection: 287mg/mL,RC.000,radiocontrast media
MI.000-001,water for injection,"In 2ml, 5ml, 10ml vial",MI.000,miscellaneous
MI.000-002,liquid nitrogen,Solution : 997ml/1litre ;,MI.000,miscellaneous
